"Run Fondo";"nom_fondo";"fecha";"nemotecnico_instrumento";"rut_emisor";"verificador_rut";"codigo_pais_emisor";"tipo_instrumento";"fecha_vencimiento";"situacion_instrumento";"clasificacion_riesgo";"codigo_grupo_empresarial";"cantidad_unidades";"tipo_unidades";"valor_tipo_instrumento";"codigo_valorizacion";"base_tasa";"tipo_interes";"valorizacion_cierre";"codigo_moneda_liquidacion";"codigo_pais_transaccion";"porcentaje_capital_emisor";"porcentaje_total_activos_emisor";"porcentaje_total_activos_fondo"
"8098";LATAM EQUITY;2023-01-31;BSANTANDER;"97036000";K;CL;ACC;;"1";N-1;"0014";3307500.00;$$;33.47;"3";0;NA;110702;$$;CL;0.002;0.000;0.408
"8098";LATAM EQUITY;2023-01-31;CHILE;"97004000";"5";CL;ACC;;"1";N-1;"0003";2293000.00;$$;87.00;"3";0;NA;199491;$$;CL;0.002;0.000;0.735
"8098";LATAM EQUITY;2023-01-31;CMPC;"90222000";"3";CL;ACC;;"1";N-1;"0002";48064.00;$$;1369.00;"3";0;NA;65800;$$;CL;0.002;0.001;0.243
"8098";LATAM EQUITY;2023-01-31;COPEC;"90690000";"9";CL;ACC;;"1";N-1;"0001";16607.00;$$;6005.00;"3";0;NA;99725;$$;CL;0.001;0.000;0.368
"8098";LATAM EQUITY;2023-01-31;ECL;"88006900";"4";CL;ACC;;"1";N-2;"0085";43500.00;$$;507.01;"3";0;NA;22055;$$;CL;0.004;0.002;0.081
"8098";LATAM EQUITY;2023-01-31;FALABELLA;"90749000";"9";CL;ACC;;"1";N-1;"0073";41600.00;$$;1850.00;"3";0;NA;76960;$$;CL;0.002;0.000;0.284
"8098";LATAM EQUITY;2023-01-31;PARAUCO;"94627000";"8";CL;ACC;;"1";N-1;"0156";199378.00;$$;1025.00;"3";0;NA;204362;$$;CL;0.022;0.012;0.753
"8098";LATAM EQUITY;2023-01-31;SMU;"76012676";"4";CL;ACC;;"1";NA;"0197";20800.00;$$;123.50;"3";0;NA;2569;$$;CL;0.000;0.000;0.009
"8098";LATAM EQUITY;2023-01-31;SQM-B;"93007000";"9";CL;ACC;;"1";N-4;"0024";8400.00;$$;77446.00;"3";0;NA;650546;$$;CL;0.003;0.026;2.398
"8160";LATINOAMÉRICA;2023-01-31;BNPDBC090223;"97029000";"1";CL;PDBC;2023-09-02;"1";NA;"0000";200000000.00;$$;0.92;"1";30;NL;199448;$$;CL;0.000;0.001;1.824
"8160";LATINOAMÉRICA;2023-01-31;BNPDBC080223;"97029000";"1";CL;PDBC;2023-08-02;"1";NA;"0000";40000000.00;$$;0.92;"1";30;NL;39902;$$;CL;0.000;0.000;0.365
"8206";ACC. LATINOAMERICANA;2023-01-31;ENELCHILE;"76536353";"5";CL;ACC;;"1";N-2;"0015";821538.00;CA;37.59;"3";0;NA;30882;$$;CL;0.012;0.000;0.845
"8206";ACC. LATINOAMERICANA;2023-01-31;SQM-B;"93007000";"9";CL;ACC;;"1";N-3;"0024";729.00;CA;77446.00;"3";0;NA;56458;$$;CL;0.003;0.000;1.545
"8247";ACCIONES LATAM;2023-01-31;CFMEURC18D;"8381";K;CL;CFM;;"1";NA;"0000";753.13;CU;962.87;"3";0;NC;725;$$;CL;0.002;725.000;0.007
"8247";ACCIONES LATAM;2023-01-31;CFMEURCHCE;"8381";K;CL;CFM;;"1";NA;"0000";14014.30;CU;817.81;"3";0;NC;11461;$$;CL;0.037;114.100;0.110
"8247";ACCIONES LATAM;2023-01-31;CFMEURESGE;"9625";"3";CL;CFM;;"1";NA;"0000";3221.56;CU;614707.26;"3";0;NC;1980316;$$;CL;0.011;0.011;19.082
"8247";ACCIONES LATAM;2023-01-31;CFMEURMMKE;"8459";K;CL;CFM;;"1";NA;"0000";85161.84;CU;1761.35;"3";0;NC;150000;$$;CL;0.465;150.000;1.445
"8247";ACCIONES LATAM;2023-01-31;CFMEURSCLE;"8948";"6";CL;CFM;;"1";NA;"0000";3053.46;CU;650264.00;"3";0;NC;1985555;$$;CL;7.517;198.555;19.132
"8247";ACCIONES LATAM;2023-01-31;CFMZCHCHIW;"8381";K;CL;CFM;;"1";NA;"0000";1.05;CU;1129.53;"3";0;NC;1;$$;CL;0.000;10.000;0.000
"8247";ACCIONES LATAM;2023-01-31;CFMZCHDLCW;"8918";"4";CL;CFM;;"1";NA;"0000";1.05;CU;1212.69;"3";0;NC;1;$$;CL;10.000;10.000;0.000
"8482";LATAM;2023-01-31;CMPC;"90222000";"3";CL;ACC;;"1";N-1;"0002";44403.00;$$;1369.00;"3";0;NA;60788;$$;CL;0.002;0.000;4.277
"8482";LATAM;2023-01-31;COLBUN;"96505760";"9";CL;ACC;;"1";N-1;"0002";1206294.00;$$;92.65;"3";0;NA;111763;$$;CL;0.007;0.006;7.864
"8482";LATAM;2023-01-31;ENELCHILE;"76536353";"5";CL;ACC;;"1";N-2;"0015";793657.00;$$;37.59;"3";0;NA;29834;$$;CL;0.001;0.000;2.099
"8482";LATAM;2023-01-31;ENTEL;"92580000";"7";CL;ACC;;"1";N-1;"0027";22915.00;$$;3055.00;"3";0;NA;70005;$$;CL;0.008;0.000;4.926
"8482";LATAM;2023-01-31;FALABELLA;"90749000";"9";CL;ACC;;"1";N-1;"0073";48624.00;$$;1850.00;"3";0;NA;89954;$$;CL;0.002;0.000;6.330
"8482";LATAM;2023-01-31;SQM-B;"93007000";"9";CL;ACC;;"1";N-3;"0024";877.00;$$;77446.00;"3";0;NA;67920;$$;CL;0.000;0.000;4.779
"8482";LATAM;2023-01-31;VAPORES;"90160000";"7";CL;ACC;;"1";N-3;"0003";581466.00;$$;69.10;"3";0;NA;40179;$$;CL;0.001;0.003;2.827
"8482";LATAM;2023-01-31;CENCOSUD;"93834000";"5";CL;ACC;;"1";N-1;"0199";42000.00;$$;1430.00;"3";0;NA;60060;$$;CL;0.001;0.000;4.226
"8537";BICE LATAM;2023-01-31;ANDINA-B;"91144000";"8";CL;ACC;;"1";N-2;"0000";25171.00;$$;1975.00;"3";0;NA;49713;$$;CL;0.005;0.002;0.716
"8537";BICE LATAM;2023-01-31;BCI;"97006000";"6";CL;ACC;;"1";N-1;"0013";1424.00;$$;24000.00;"3";0;NA;34176;$$;CL;0.001;0.000;0.492
"8537";BICE LATAM;2023-01-31;CENCOSUD;"93834000";"5";CL;ACC;;"1";N-1;"0199";39838.00;$$;1430.00;"3";0;NA;56968;$$;CL;0.001;0.000;0.820
"8537";BICE LATAM;2023-01-31;COLBUN;"96505760";"9";CL;ACC;;"1";N-1;"0002";641582.00;$$;92.65;"3";0;NA;59443;$$;CL;0.004;0.001;0.856
"8537";BICE LATAM;2023-01-31;COPEC;"90690000";"9";CL;ACC;;"1";N-1;"0001";2630.00;$$;6005.00;"3";0;NA;15793;$$;CL;0.000;0.000;0.227
"8537";BICE LATAM;2023-01-31;ENELCHILE;"76536353";"5";CL;ACC;;"1";N-2;"0015";929220.00;$$;37.59;"3";0;NA;34929;$$;CL;0.001;0.000;0.503
"8537";BICE LATAM;2023-01-31;ENTEL;"92580000";"7";CL;ACC;;"1";N-1;"0027";9858.00;$$;3055.00;"3";0;NA;30116;$$;CL;0.003;0.000;0.434
"8537";BICE LATAM;2023-01-31;MALLPLAZA;"76017019";"4";CL;ACC;;"1";NA;"0073";35935.00;$$;1078.80;"3";0;NA;38767;$$;CL;0.002;0.001;0.558
"8537";BICE LATAM;2023-01-31;NORTEGRAN;"96529340";K;CL;ACC;;"1";NA;"0024";5707781.00;$$;9.00;"3";0;NA;51370;$$;CL;0.007;0.004;0.740
"8537";BICE LATAM;2023-01-31;QUINENCO;"91705000";"7";CL;ACC;;"1";N-2;"0003";26980.00;$$;2770.00;"3";0;NA;74735;$$;CL;0.002;0.000;1.076
"8537";BICE LATAM;2023-01-31;SQM-A;"93007000";"9";CL;ACC;;"1";N-3;"0024";849.00;$$;64475.00;"3";0;NA;54739;$$;CL;0.001;0.001;0.788
"8537";BICE LATAM;2023-01-31;SQM-B;"93007000";"9";CL;ACC;;"1";N-3;"0024";1660.00;$$;77446.00;"3";0;NA;128560;$$;CL;0.001;0.001;1.851
"8537";BICE LATAM;2023-01-31;BNPDBC010223;"97029000";"1";CL;PDBC;2023-01-02;"1";NA;"0000";30000000.00;$$;0.91;"1";30;NL;29991;$$;CL;0.000;0.000;0.432
"8537";BICE LATAM;2023-01-31;BNPDBC010223;"97029000";"1";CL;PDBC;2023-01-02;"1";NA;"0000";15000000.00;$$;0.91;"1";30;NL;14995;$$;CL;0.000;0.000;0.216
"8537";BICE LATAM;2023-01-31;BNPDBC010223;"97029000";"1";CL;PDBC;2023-01-02;"1";NA;"0000";10000000.00;$$;0.91;"1";30;NL;9997;$$;CL;0.000;0.000;0.144
"8537";BICE LATAM;2023-01-31;BNPDBC010223;"97029000";"1";CL;PDBC;2023-01-02;"1";NA;"0000";45000000.00;$$;0.91;"1";30;NL;44986;$$;CL;0.000;0.000;0.648
"8684";SELECCION LATAM;2023-01-31;SQM-B;"93007000";"9";CL;ACC;;"1";N-3;"0024";1438.00;CA;77446.00;"3";0;NA;111367;$$;CL;0.001;0.001;3.932
"8705";LATINOAMERICANO;2023-01-31;CFMLVBR-LV;"9748";"9";CL;CFM;;"1";NA;"0000";220786.52;PROM;8.90;"3";0;NA;1965;PROM;CL;11.705;0.000;7.743
"8795";INDEX FUND LATAM;2023-01-31;BSANTANDER;"97036000";K;CL;ACC;;"1";N-1;"0014";4516462.00;$$;0.04;"3";0;NA;181;$$;CL;0.004;0.000;0.537
"8795";INDEX FUND LATAM;2023-01-31;CENCOSUD;"93834000";"5";CL;ACC;;"1";N-1;"0199";97841.00;$$;1.78;"3";0;NA;174;$$;CL;0.006;0.001;0.516
"8795";INDEX FUND LATAM;2023-01-31;CFISEIFBS;"7131";"5";CL;CFI;;"1";NA;"0000";122401.09;$$;34.02;"3";0;NA;4164;$$;CL;21.879;21.879;12.354
"8795";INDEX FUND LATAM;2023-01-31;CFMSECQFBS;"10000";"5";CL;CFM;;"1";NA;"0000";134166.51;PROM;112.93;"3";0;NA;15151;PROM;CL;85.377;77.582;44.952
"8795";INDEX FUND LATAM;2023-01-31;CHILE;"97004000";"5";CL;ACC;;"1";N-1;"0003";3160460.00;$$;0.11;"3";0;NA;348;$$;CL;0.006;0.001;1.032
"8795";INDEX FUND LATAM;2023-01-31;CMPC;"90222000";"3";CL;ACC;;"1";N-1;"0002";79996.00;$$;1.70;"3";0;NA;136;$$;CL;0.009;0.001;0.404
"8795";INDEX FUND LATAM;2023-01-31;COPEC;"90690000";"9";CL;ACC;;"1";N-1;"0001";24554.00;$$;7.63;"3";0;NA;187;$$;CL;0.027;0.001;0.555
"8795";INDEX FUND LATAM;2023-01-31;ENELAM;"94271000";"3";CL;ACC;;"1";N-2;"0015";1404104.00;$$;0.13;"3";0;NA;183;$$;CL;0.001;0.001;0.543
"8795";INDEX FUND LATAM;2023-01-31;FALABELLA;"90749000";"9";CL;ACC;;"1";N-1;"0073";52896.00;$$;2.27;"3";0;NA;120;$$;CL;0.011;0.000;0.356
"8795";INDEX FUND LATAM;2023-01-31;SQM-B;"93007000";"9";CL;ACC;;"1";N-3;"0024";10386.00;$$;96.30;"3";0;NA;1000;$$;CL;0.063;0.010;2.967
"8811";LATAM ACCIONARIO;2023-01-31;CFIBEQTRBH;"9933";"3";CL;CFI;;"1";NA;"0000";2083878.50;$$;551.59;"3";0;NA;1149447;$$;CL;64.594;65.174;1.920
"8811";LATAM ACCIONARIO;2023-01-31;CFIBCHLBCH;"7195";"1";CL;CFI;;"1";NA;"0000";49922973.41;$$;1145.19;"3";0;NA;57171290;$$;CL;98.861;94.133;95.503
"9625";ESG  LATAM;2023-01-31;CFMEURMMKE;"8459";K;CL;CFM;;"1";NA;"0000";198710.97;CU;2.19;"3";0;NC;435;$$;CL;0.001;435.000;8.779
"8098";LATAM EQUITY;2023-02-28;BSANTANDER;"97036000";K;CL;ACC;;"1";N-1;"0014";3233900.00;$$;35.09;"3";0;NA;113478;$$;CL;0.002;0.000;0.448
"8098";LATAM EQUITY;2023-02-28;CHILE;"97004000";"5";CL;ACC;;"1";N-1;"0003";2242000.00;$$;86.00;"3";0;NA;192812;$$;CL;0.002;0.000;0.761
"8098";LATAM EQUITY;2023-02-28;CMPC;"90222000";"3";CL;ACC;;"1";N-1;"0002";46964.00;$$;1375.30;"3";0;NA;64590;$$;CL;0.002;0.001;0.255
"8098";LATAM EQUITY;2023-02-28;COPEC;"90690000";"9";CL;ACC;;"1";N-1;"0001";16207.00;$$;5980.00;"3";0;NA;96918;$$;CL;0.001;0.000;0.383
"8098";LATAM EQUITY;2023-02-28;ECL;"88006900";"4";CL;ACC;;"1";N-2;"0085";42500.00;$$;505.00;"3";0;NA;21463;$$;CL;0.004;0.002;0.085
"8098";LATAM EQUITY;2023-02-28;FALABELLA;"90749000";"9";CL;ACC;;"1";N-1;"0073";40700.00;$$;1822.10;"3";0;NA;74159;$$;CL;0.002;0.000;0.293
"8098";LATAM EQUITY;2023-02-28;PARAUCO;"94627000";"8";CL;ACC;;"1";N-1;"0156";194978.00;$$;1015.00;"3";0;NA;197903;$$;CL;0.022;0.012;0.781
"8098";LATAM EQUITY;2023-02-28;SMU;"76012676";"4";CL;ACC;;"1";NA;"0197";20300.00;$$;136.10;"3";0;NA;2763;$$;CL;0.000;0.000;0.011
"8098";LATAM EQUITY;2023-02-28;SQM-B;"93007000";"9";CL;ACC;;"1";N-4;"0024";8200.00;$$;73990.00;"3";0;NA;606718;$$;CL;0.003;0.024;2.396
"8160";LATINOAMÉRICA;2023-02-28;BNPDBC010323;"97029000";"1";CL;PDBC;2023-01-03;"1";NA;"0000";40000000.00;$$;0.93;"1";30;NL;39988;$$;CL;0.000;0.000;0.395
"8160";LATINOAMÉRICA;2023-02-28;BNPDBC010323;"97029000";"1";CL;PDBC;2023-01-03;"1";NA;"0000";110000000.00;$$;0.93;"1";30;NL;109966;$$;CL;0.000;0.001;1.086
"8160";LATINOAMÉRICA;2023-02-28;BNPDBC010323;"97029000";"1";CL;PDBC;2023-01-03;"1";NA;"0000";50000000.00;$$;0.93;"1";30;NL;49985;$$;CL;0.000;0.000;0.494
"8206";ACC. LATINOAMERICANA;2023-02-28;ENELCHILE;"76536353";"5";CL;ACC;;"1";N-2;"0015";821538.00;CA;37.29;"3";0;NA;30635;$$;CL;0.000;0.000;0.888
"8206";ACC. LATINOAMERICANA;2023-02-28;SQM-B;"93007000";"9";CL;ACC;;"1";N-3;"0024";729.00;CA;73990.00;"3";0;NA;53939;$$;CL;0.000;0.000;1.564
"8247";ACCIONES LATAM;2023-02-28;CFMEURC18D;"8381";K;CL;CFM;;"1";NA;"0000";753.13;CU;966.12;"3";0;NC;728;$$;CL;0.002;728.000;0.008
"8247";ACCIONES LATAM;2023-02-28;CFMEURCHCE;"8381";K;CL;CFM;;"1";NA;"0000";15073.57;CU;820.70;"3";0;NC;12371;$$;CL;0.040;123.100;0.128
"8247";ACCIONES LATAM;2023-02-28;CFMEURESGE;"9625";"3";CL;CFM;;"1";NA;"0000";3173.87;CU;608868.81;"3";0;NC;1932470;$$;CL;0.011;0.011;19.979
"8247";ACCIONES LATAM;2023-02-28;CFMEURSCLE;"8948";"6";CL;CFM;;"1";NA;"0000";2996.13;CU;628111.67;"3";0;NC;1881904;$$;CL;7.125;188.904;19.456
"8247";ACCIONES LATAM;2023-02-28;CFMZCHCHIW;"8381";K;CL;CFM;;"1";NA;"0000";1.05;CU;1131.08;"3";0;NC;1;$$;CL;0.000;10.000;0.000
"8247";ACCIONES LATAM;2023-02-28;CFMZCHDLCW;"8918";"4";CL;CFM;;"1";NA;"0000";1.05;CU;1217.47;"3";0;NC;1;$$;CL;10.000;10.000;0.000
"8482";LATAM;2023-02-28;COLBUN;"96505760";"9";CL;ACC;;"1";N-1;"0002";676305.00;$$;95.00;"3";0;NA;64249;$$;CL;0.004;0.004;4.874
"8482";LATAM;2023-02-28;ENELCHILE;"76536353";"5";CL;ACC;;"1";N-2;"0015";793657.00;$$;37.29;"3";0;NA;29595;$$;CL;0.001;0.000;2.245
"8482";LATAM;2023-02-28;ENTEL;"92580000";"7";CL;ACC;;"1";N-1;"0027";22915.00;$$;3260.00;"3";0;NA;74703;$$;CL;0.008;0.000;5.667
"8482";LATAM;2023-02-28;FALABELLA;"90749000";"9";CL;ACC;;"1";N-1;"0073";32806.00;$$;1822.10;"3";0;NA;59776;$$;CL;0.001;0.000;4.535
"8482";LATAM;2023-02-28;SQM-B;"93007000";"9";CL;ACC;;"1";N-3;"0024";877.00;$$;73990.00;"3";0;NA;64889;$$;CL;0.000;0.000;4.923
"8482";LATAM;2023-02-28;VAPORES;"90160000";"7";CL;ACC;;"1";N-3;"0003";581470.00;$$;80.00;"3";0;NA;46518;$$;CL;0.001;0.003;3.529
"8482";LATAM;2023-02-28;CENCOSUD;"93834000";"5";CL;ACC;;"1";N-1;"0199";42000.00;$$;1565.00;"3";0;NA;65730;$$;CL;0.001;0.000;4.986
"8537";BICE LATAM;2023-02-28;ANDINA-B;"91144000";"8";CL;ACC;;"1";N-2;"0000";15903.00;$$;2035.00;"3";0;NA;32363;$$;CL;0.003;0.001;0.491
"8537";BICE LATAM;2023-02-28;BCI;"97006000";"6";CL;ACC;;"1";N-1;"0013";1424.00;$$;25900.00;"3";0;NA;36882;$$;CL;0.001;0.000;0.559
"8537";BICE LATAM;2023-02-28;CENCOSUD;"93834000";"5";CL;ACC;;"1";N-1;"0199";39838.00;$$;1565.00;"3";0;NA;62346;$$;CL;0.001;0.000;0.945
"8537";BICE LATAM;2023-02-28;COLBUN;"96505760";"9";CL;ACC;;"1";N-1;"0002";461592.00;$$;95.00;"3";0;NA;43851;$$;CL;0.003;0.001;0.665
"8537";BICE LATAM;2023-02-28;ENELCHILE;"76536353";"5";CL;ACC;;"1";N-2;"0015";929220.00;$$;37.29;"3";0;NA;34651;$$;CL;0.001;0.000;0.525
"8537";BICE LATAM;2023-02-28;ENTEL;"92580000";"7";CL;ACC;;"1";N-1;"0027";9858.00;$$;3260.00;"3";0;NA;32137;$$;CL;0.003;0.001;0.487
"8537";BICE LATAM;2023-02-28;MALLPLAZA;"76017019";"4";CL;ACC;;"1";NA;"0073";28753.00;$$;1030.00;"3";0;NA;29616;$$;CL;0.001;0.001;0.449
"8537";BICE LATAM;2023-02-28;NORTEGRAN;"96529340";K;CL;ACC;;"1";NA;"0024";5707781.00;$$;9.70;"3";0;NA;55365;$$;CL;0.007;0.004;0.839
"8537";BICE LATAM;2023-02-28;QUINENCO;"91705000";"7";CL;ACC;;"1";N-2;"0003";26980.00;$$;2934.00;"3";0;NA;79159;$$;CL;0.002;0.000;1.200
"8537";BICE LATAM;2023-02-28;SMU;"76012676";"4";CL;ACC;;"1";NA;"0197";285087.00;$$;136.10;"3";0;NA;38800;$$;CL;0.005;0.002;0.588
"8537";BICE LATAM;2023-02-28;SQM-B;"93007000";"9";CL;ACC;;"1";N-3;"0024";2267.00;$$;73990.00;"3";0;NA;167735;$$;CL;0.002;0.002;2.543
"8684";SELECCION LATAM;2023-02-28;SQM-B;"93007000";"9";CL;ACC;;"1";N-3;"0024";1371.00;CA;73990.00;"3";0;NA;101440;$$;CL;0.000;0.001;3.826
"8705";LATINOAMERICANO;2023-02-28;CFMLVBR-LV;"9748";"9";CL;CFM;;"1";NA;"0000";238009.57;PROM;8.06;"3";0;NA;1918;PROM;CL;12.609;0.000;8.174
"8795";INDEX FUND LATAM;2023-02-28;BSANTANDER;"97036000";K;CL;ACC;;"1";N-1;"0014";4516462.00;$$;0.04;"3";0;NA;181;$$;CL;0.004;0.000;0.613
"8795";INDEX FUND LATAM;2023-02-28;CENCOSUD;"93834000";"5";CL;ACC;;"1";N-1;"0199";97841.00;$$;1.89;"3";0;NA;185;$$;CL;0.006;0.001;0.627
"8795";INDEX FUND LATAM;2023-02-28;CFISEIFBS;"7131";"5";CL;CFI;;"1";NA;"0000";120011.48;$$;30.13;"3";0;NA;3616;$$;CL;19.000;19.000;12.251
"8795";INDEX FUND LATAM;2023-02-28;CFMSECQFBS;"10000";"5";CL;CFM;;"1";NA;"0000";134166.51;PROM;101.98;"3";0;NA;13682;PROM;CL;83.174;83.164;46.356
"8795";INDEX FUND LATAM;2023-02-28;CHILE;"97004000";"5";CL;ACC;;"1";N-1;"0003";3160460.00;$$;0.10;"3";0;NA;316;$$;CL;0.006;0.000;1.071
"8795";INDEX FUND LATAM;2023-02-28;CMPC;"90222000";"3";CL;ACC;;"1";N-1;"0002";79996.00;$$;1.66;"3";0;NA;133;$$;CL;0.009;0.001;0.451
"8795";INDEX FUND LATAM;2023-02-28;COPEC;"90690000";"9";CL;ACC;;"1";N-1;"0001";24554.00;$$;7.21;"3";0;NA;177;$$;CL;0.026;0.001;0.600
"8795";INDEX FUND LATAM;2023-02-28;ENELAM;"94271000";"3";CL;ACC;;"1";N-2;"0015";1404104.00;$$;0.12;"3";0;NA;168;$$;CL;0.001;0.000;0.569
"8795";INDEX FUND LATAM;2023-02-28;FALABELLA;"90749000";"9";CL;ACC;;"1";N-1;"0073";52896.00;$$;2.19;"3";0;NA;116;$$;CL;0.010;0.000;0.393
"8795";INDEX FUND LATAM;2023-02-28;SQM-B;"93007000";"9";CL;ACC;;"1";N-3;"0024";10386.00;$$;91.76;"3";0;NA;953;$$;CL;0.059;0.009;3.229
"8811";LATAM ACCIONARIO;2023-02-28;CFIBCHLBCH;"7195";"1";CL;CFI;;"1";NA;"0000";41005724.53;$$;1090.00;"3";0;NA;44696240;$$;CL;98.648;90.623;90.887
"8811";LATAM ACCIONARIO;2023-02-28;CFIBEQTRBH;"9933";"3";CL;CFI;;"1";NA;"0000";2083878.50;$$;504.09;"3";0;NA;1050462;$$;CL;64.794;65.375;2.136
"8098";LATAM EQUITY;2023-03-31;CENCOSUD;"93834000";"5";CL;ACC;;"1";N-1;"0199";85000.00;$$;1536.00;"3";0;NA;130560;$$;CL;0.003;0.005;0.572
"8098";LATAM EQUITY;2023-03-31;CHILE;"97004000";"5";CL;ACC;;"1";N-1;"0003";2105200.00;$$;77.20;"3";0;NA;162521;$$;CL;0.002;0.000;0.712
"8098";LATAM EQUITY;2023-03-31;CMPC;"90222000";"3";CL;ACC;;"1";N-1;"0002";44064.00;$$;1328.40;"3";0;NA;58535;$$;CL;0.002;0.001;0.256
"8098";LATAM EQUITY;2023-03-31;COPEC;"90690000";"9";CL;ACC;;"1";N-1;"0001";15207.00;$$;5610.00;"3";0;NA;85311;$$;CL;0.001;0.001;0.374
"8098";LATAM EQUITY;2023-03-31;ECL;"88006900";"4";CL;ACC;;"1";N-2;"0085";39900.00;$$;584.00;"3";0;NA;23302;$$;CL;0.004;0.001;0.102
"8098";LATAM EQUITY;2023-03-31;FALABELLA;"90749000";"9";CL;ACC;;"1";N-1;"0073";38200.00;$$;1828.00;"3";0;NA;69830;$$;CL;0.002;0.001;0.306
"8098";LATAM EQUITY;2023-03-31;PARAUCO;"94627000";"8";CL;ACC;;"1";N-1;"0156";183078.00;$$;1130.00;"3";0;NA;206878;$$;CL;0.020;0.007;0.906
"8098";LATAM EQUITY;2023-03-31;SMU;"76012676";"4";CL;ACC;;"1";NA;"0197";19100.00;$$;145.71;"3";0;NA;2783;$$;CL;0.000;0.000;0.012
"8098";LATAM EQUITY;2023-03-31;SQM-B;"93007000";"9";CL;ACC;;"1";N-4;"0024";7700.00;$$;63800.00;"3";0;NA;491260;$$;CL;0.003;0.007;2.151
"8098";LATAM EQUITY;2023-03-31;BSANTANDER;"97036000";K;CL;ACC;;"1";N-1;"0014";3036600.00;$$;35.25;"3";0;NA;107040;$$;CL;0.002;0.000;0.469
"8160";LATINOAMÉRICA;2023-03-31;BNPDBC030423;"97029000";"1";CL;PDBC;2023-03-04;"1";NA;"0000";50000000.00;$$;0.89;"1";30;NL;49956;$$;CL;0.000;0.000;0.539
"8160";LATINOAMÉRICA;2023-03-31;BNPDBC110423;"97029000";"1";CL;PDBC;2023-11-04;"1";NA;"0000";50000000.00;$$;0.91;"1";30;NL;49833;$$;CL;0.000;0.000;0.538
"8160";LATINOAMÉRICA;2023-03-31;BNPDBC140423;"97029000";"1";CL;PDBC;2024-02-04;"1";NA;"0000";50000000.00;$$;0.93;"1";30;NL;49785;$$;CL;0.000;0.000;0.537
"8206";ACC. LATINOAMERICANA;2023-03-31;ENELCHILE;"76536353";"5";CL;ACC;;"1";N-2;"0015";821538.00;CA;43.36;"3";0;NA;35622;$$;CL;0.012;0.000;1.110
"8206";ACC. LATINOAMERICANA;2023-03-31;SQM-B;"93007000";"9";CL;ACC;;"1";N-3;"0024";729.00;CA;63800.00;"3";0;NA;46510;$$;CL;0.003;0.000;1.449
"8206";ACC. LATINOAMERICANA;2023-03-31;CFIBPBIM-E;"9368";"8";CL;CFI;;"1";N-2;"0000";62787.00;$$;9252.56;"3";0;NA;580940;$$;CL;0.000;0.000;18.101
"8247";ACCIONES LATAM;2023-03-31;CFMEURESGE;"9625";"3";CL;CFM;;"1";NA;"0000";3158.37;CU;560556.95;"3";0;NC;1770446;$$;CL;0.010;0.010;19.780
"8247";ACCIONES LATAM;2023-03-31;CFMEURSCLE;"8948";"6";CL;CFM;;"1";NA;"0000";3062.09;CU;574395.45;"3";0;NC;1758851;$$;CL;6.659;175.851;19.651
"8247";ACCIONES LATAM;2023-03-31;CFMZCHCHIW;"8381";K;CL;CFM;;"1";NA;"0000";1.06;CU;1104.66;"3";0;NC;1;$$;CL;0.000;10.000;0.000
"8247";ACCIONES LATAM;2023-03-31;CFMZCHDLCW;"8918";"4";CL;CFM;;"1";NA;"0000";1.06;CU;1207.32;"3";0;NC;1;$$;CL;10.000;10.000;0.000
"8247";ACCIONES LATAM;2023-03-31;CFMEURC18D;"8381";K;CL;CFM;;"1";NA;"0000";761.94;CU;945.71;"3";0;NC;721;$$;CL;0.002;721.000;0.008
"8247";ACCIONES LATAM;2023-03-31;CFMEURCHCE;"8381";K;CL;CFM;;"1";NA;"0000";15249.96;CU;803.48;"3";0;NC;12253;$$;CL;0.039;122.300;0.137
"8482";LATAM;2023-03-31;COLBUN;"96505760";"9";CL;ACC;;"1";N-1;"0002";375100.00;$$;105.00;"3";0;NA;39386;$$;CL;0.002;0.002;3.311
"8482";LATAM;2023-03-31;ENELCHILE;"76536353";"5";CL;ACC;;"1";N-2;"0015";793657.00;$$;43.36;"3";0;NA;34413;$$;CL;0.001;0.000;2.893
"8482";LATAM;2023-03-31;ENTEL;"92580000";"7";CL;ACC;;"1";N-1;"0027";22915.00;$$;3135.00;"3";0;NA;71839;$$;CL;0.008;0.000;6.039
"8482";LATAM;2023-03-31;VAPORES;"90160000";"7";CL;ACC;;"1";N-3;"0003";581466.00;$$;79.04;"3";0;NA;45959;$$;CL;0.001;0.003;3.863
"8482";LATAM;2023-03-31;CENCOSUD;"93834000";"5";CL;ACC;;"1";N-1;"0199";22353.00;$$;1536.00;"3";0;NA;34334;$$;CL;0.001;0.000;2.886
"8537";BICE LATAM;2023-03-31;CCU;"90413000";"1";CL;ACC;;"1";N-1;"0003";7053.00;$$;6120.00;"3";0;NA;43164;$$;CL;0.002;0.001;0.669
"8537";BICE LATAM;2023-03-31;CENCOSUD;"93834000";"5";CL;ACC;;"1";N-1;"0199";39838.00;$$;1536.00;"3";0;NA;61191;$$;CL;0.001;0.000;0.949
"8537";BICE LATAM;2023-03-31;CHILE;"97004000";"5";CL;ACC;;"1";N-1;"0003";634628.00;$$;77.20;"3";0;NA;48993;$$;CL;0.001;0.000;0.760
"8537";BICE LATAM;2023-03-31;COLBUN;"96505760";"9";CL;ACC;;"1";N-1;"0002";517941.00;$$;105.00;"3";0;NA;54384;$$;CL;0.003;0.001;0.843
"8537";BICE LATAM;2023-03-31;ENTEL;"92580000";"7";CL;ACC;;"1";N-1;"0027";11733.00;$$;3135.00;"3";0;NA;36783;$$;CL;0.004;0.001;0.570
"8537";BICE LATAM;2023-03-31;MALLPLAZA;"76017019";"4";CL;ACC;;"1";NA;"0073";28753.00;$$;1044.10;"3";0;NA;30021;$$;CL;0.001;0.001;0.465
"8537";BICE LATAM;2023-03-31;NORTEGRAN;"96529340";K;CL;ACC;;"1";NA;"0024";5242606.00;$$;8.70;"3";0;NA;45611;$$;CL;0.007;0.003;0.707
"8537";BICE LATAM;2023-03-31;QUINENCO;"91705000";"7";CL;ACC;;"1";N-2;"0003";22877.00;$$;3075.00;"3";0;NA;70347;$$;CL;0.001;0.000;1.091
"8537";BICE LATAM;2023-03-31;SMU;"76012676";"4";CL;ACC;;"1";NA;"0197";285087.00;$$;145.71;"3";0;NA;41540;$$;CL;0.005;0.002;0.644
"8537";BICE LATAM;2023-03-31;SONDA;"83628100";"4";CL;ACC;;"1";N-2;"0138";88060.00;$$;420.07;"3";0;NA;36991;$$;CL;0.010;0.003;0.574
"8537";BICE LATAM;2023-03-31;SQM-B;"93007000";"9";CL;ACC;;"1";N-3;"0024";1391.00;$$;63800.00;"3";0;NA;88746;$$;CL;0.001;0.001;1.376
"8684";SELECCION LATAM;2023-03-31;SQM-B;"93007000";"9";CL;ACC;;"1";N-3;"0024";1188.00;CA;63800.00;"3";0;NA;75794;$$;CL;0.000;0.001;3.801
"8705";LATINOAMERICANO;2023-03-31;CFMLVBR-LV;"9748";"9";CL;CFM;;"1";NA;"0000";225403.00;PROM;8.07;"3";0;NA;1819;PROM;CL;11.937;0.000;7.656
"8795";INDEX FUND LATAM;2023-03-31;BSANTANDER;"97036000";K;CL;ACC;;"1";N-1;"0014";4093405.00;$$;0.04;"3";0;NA;164;$$;CL;0.004;0.000;0.576
"8795";INDEX FUND LATAM;2023-03-31;CENCOSUD;"93834000";"5";CL;ACC;;"1";N-1;"0199";88676.00;$$;1.94;"3";0;NA;172;$$;CL;0.006;0.001;0.604
"8795";INDEX FUND LATAM;2023-03-31;CFISEIFBS;"7131";"5";CL;CFI;;"1";NA;"0000";85323.59;$$;30.62;"3";0;NA;2613;$$;CL;13.735;13.735;9.171
"8795";INDEX FUND LATAM;2023-03-31;CFMSECQFBS;"10000";"5";CL;CFM;;"1";NA;"0000";134166.51;PROM;102.60;"3";0;NA;13765;PROM;CL;92.513;92.688;48.312
"8795";INDEX FUND LATAM;2023-03-31;CHILE;"97004000";"5";CL;ACC;;"1";N-1;"0003";2864420.00;$$;0.10;"3";0;NA;286;$$;CL;0.005;0.000;1.004
"8795";INDEX FUND LATAM;2023-03-31;CMPC;"90222000";"3";CL;ACC;;"1";N-1;"0002";72503.00;$$;1.68;"3";0;NA;122;$$;CL;0.008;0.001;0.428
"8795";INDEX FUND LATAM;2023-03-31;COPEC;"90690000";"9";CL;ACC;;"1";N-1;"0001";22254.00;$$;7.10;"3";0;NA;158;$$;CL;0.023;0.001;0.555
"8795";INDEX FUND LATAM;2023-03-31;ENELAM;"94271000";"3";CL;ACC;;"1";N-2;"0015";1272581.00;$$;0.13;"3";0;NA;165;$$;CL;0.001;0.000;0.579
"8795";INDEX FUND LATAM;2023-03-31;FALABELLA;"90749000";"9";CL;ACC;;"1";N-1;"0073";47941.00;$$;2.32;"3";0;NA;111;$$;CL;0.010;0.000;0.390
"8795";INDEX FUND LATAM;2023-03-31;SQM-B;"93007000";"9";CL;ACC;;"1";N-3;"0024";9413.00;$$;82.44;"3";0;NA;776;$$;CL;0.048;0.007;2.724
"8811";LATAM ACCIONARIO;2023-03-31;CFIBCHLBCH;"7195";"1";CL;CFI;;"1";NA;"0000";31583612.97;$$;1031.29;"3";0;NA;32571864;$$;CL;98.252;90.877;89.354
"8811";LATAM ACCIONARIO;2023-03-31;CFIBEQTRBH;"9933";"3";CL;CFI;;"1";NA;"0000";2083878.50;$$;485.47;"3";0;NA;1011660;$$;CL;65.714;66.295;2.775
"8098";LATAM EQUITY;2023-04-30;BSANTANDER;"97036000";K;CL;ACC;;"1";N-1;"0014";2977200.00;$$;38.60;"3";0;NA;114920;$$;CL;0.002;0.000;0.479
"8098";LATAM EQUITY;2023-04-30;CENCOSUD;"93834000";"5";CL;ACC;;"1";N-1;"0199";83300.00;$$;1645.00;"3";0;NA;137029;$$;CL;0.003;0.005;0.571
"8098";LATAM EQUITY;2023-04-30;CHILE;"97004000";"5";CL;ACC;;"1";N-1;"0003";2064000.00;$$;85.95;"3";0;NA;177401;$$;CL;0.002;0.000;0.739
"8098";LATAM EQUITY;2023-04-30;CMPC;"90222000";"3";CL;ACC;;"1";N-1;"0002";43164.00;$$;1265.00;"3";0;NA;54602;$$;CL;0.002;0.001;0.227
"8098";LATAM EQUITY;2023-04-30;COPEC;"90690000";"9";CL;ACC;;"1";N-1;"0001";14907.00;$$;5617.00;"3";0;NA;83733;$$;CL;0.001;0.001;0.349
"8098";LATAM EQUITY;2023-04-30;ECL;"88006900";"4";CL;ACC;;"1";N-2;"0085";39100.00;$$;624.98;"3";0;NA;24437;$$;CL;0.004;0.001;0.102
"8098";LATAM EQUITY;2023-04-30;PARAUCO;"94627000";"8";CL;ACC;;"1";N-1;"0156";236978.00;$$;1144.00;"3";0;NA;271103;$$;CL;0.026;0.016;1.129
"8098";LATAM EQUITY;2023-04-30;SMU;"76012676";"4";CL;ACC;;"1";NA;"0197";18700.00;$$;141.00;"3";0;NA;2637;$$;CL;0.000;0.000;0.011
"8098";LATAM EQUITY;2023-04-30;SQM-B;"93007000";"9";CL;ACC;;"1";N-4;"0024";7500.00;$$;54650.00;"3";0;NA;409875;$$;CL;0.003;0.017;1.707
"8160";LATINOAMÉRICA;2023-04-30;BNPDBC120523;"97029000";"1";CL;PDBC;2023-12-05;"1";NA;"0000";205000000.00;$$;0.93;"1";30;NL;204239;$$;CL;0.000;0.001;2.183
"8206";ACC. LATINOAMERICANA;2023-04-30;CFIBPBIM-E;"9368";"8";CL;CFI;;"1";N-2;"0000";62787.00;$$;9808.76;"3";0;NA;615863;$$;CL;0.000;0.000;18.821
"8206";ACC. LATINOAMERICANA;2023-04-30;ENELCHILE;"76536353";"5";CL;ACC;;"1";N-2;"0015";821538.00;CA;46.00;"3";0;NA;37791;$$;CL;0.012;0.000;1.155
"8206";ACC. LATINOAMERICANA;2023-04-30;SQM-B;"93007000";"9";CL;ACC;;"1";N-3;"0024";729.00;CA;54650.00;"3";0;NA;39840;$$;CL;0.003;0.000;1.218
"8247";ACCIONES LATAM;2023-04-30;CFMEURC18D;"8381";K;CL;CFM;;"1";NA;"0000";769.55;CU;953.81;"3";0;NC;734;$$;CL;0.002;734.000;0.008
"8247";ACCIONES LATAM;2023-04-30;CFMEURCHCE;"8381";K;CL;CFM;;"1";NA;"0000";15402.19;CU;810.47;"3";0;NC;12483;$$;CL;0.040;124.300;0.139
"8247";ACCIONES LATAM;2023-04-30;CFMEURESGE;"9625";"3";CL;CFM;;"1";NA;"0000";3158.37;CU;572220.47;"3";0;NC;1807284;$$;CL;0.010;0.010;20.100
"8247";ACCIONES LATAM;2023-04-30;CFMEURSCLE;"8948";"6";CL;CFM;;"1";NA;"0000";3062.09;CU;581380.82;"3";0;NC;1780240;$$;CL;6.740;178.240;19.799
"8247";ACCIONES LATAM;2023-04-30;CFMZCHACCR;"8381";K;CL;CFM;;"1";NA;"0000";173.00;CU;997.68;"3";0;NC;173;$$;CL;0.001;173.000;0.002
"8247";ACCIONES LATAM;2023-04-30;CFMZCHCHIW;"8381";K;CL;CFM;;"1";NA;"0000";1.07;CU;1111.90;"3";0;NC;1;$$;CL;0.000;10.000;0.000
"8247";ACCIONES LATAM;2023-04-30;CFMZCHDLCW;"8918";"4";CL;CFM;;"1";NA;"0000";1.07;CU;1203.36;"3";0;NC;1;$$;CL;10.000;10.000;0.000
"8482";LATAM;2023-04-30;CENCOSUD;"93834000";"5";CL;ACC;;"1";N-1;"0199";22353.00;$$;1645.00;"3";0;NA;36771;$$;CL;0.001;0.000;3.335
"8482";LATAM;2023-04-30;COLBUN;"96505760";"9";CL;ACC;;"1";N-1;"0002";375100.00;$$;113.01;"3";0;NA;42390;$$;CL;0.002;0.002;3.844
"8482";LATAM;2023-04-30;ENELCHILE;"76536353";"5";CL;ACC;;"1";N-2;"0015";793657.00;$$;46.00;"3";0;NA;36508;$$;CL;0.001;0.000;3.311
"8482";LATAM;2023-04-30;ENTEL;"92580000";"7";CL;ACC;;"1";N-1;"0027";12915.00;$$;3358.00;"3";0;NA;43369;$$;CL;0.004;0.000;3.933
"8482";LATAM;2023-04-30;VAPORES;"90160000";"7";CL;ACC;;"1";N-3;"0003";581466.00;$$;82.49;"3";0;NA;47965;$$;CL;0.001;0.004;4.350
"8537";BICE LATAM;2023-04-30;CCU;"90413000";"1";CL;ACC;;"1";N-1;"0003";8794.00;$$;6590.00;"3";0;NA;57952;$$;CL;0.002;0.002;0.899
"8537";BICE LATAM;2023-04-30;CENCOSUD;"93834000";"5";CL;ACC;;"1";N-1;"0199";39838.00;$$;1645.00;"3";0;NA;65534;$$;CL;0.001;0.000;1.016
"8537";BICE LATAM;2023-04-30;CHILE;"97004000";"5";CL;ACC;;"1";N-1;"0003";634628.00;$$;85.95;"3";0;NA;54546;$$;CL;0.001;0.000;0.846
"8537";BICE LATAM;2023-04-30;COLBUN;"96505760";"9";CL;ACC;;"1";N-1;"0002";400941.00;$$;113.01;"3";0;NA;45310;$$;CL;0.002;0.001;0.703
"8537";BICE LATAM;2023-04-30;ENTEL;"92580000";"7";CL;ACC;;"1";N-1;"0027";7941.00;$$;3358.00;"3";0;NA;26666;$$;CL;0.003;0.000;0.413
"8537";BICE LATAM;2023-04-30;NORTEGRAN;"96529340";K;CL;ACC;;"1";NA;"0024";3830841.00;$$;8.28;"3";0;NA;31719;$$;CL;0.005;0.002;0.492
"8537";BICE LATAM;2023-04-30;QUINENCO;"91705000";"7";CL;ACC;;"1";N-2;"0003";22877.00;$$;3315.00;"3";0;NA;75837;$$;CL;0.001;0.000;1.176
"8537";BICE LATAM;2023-04-30;SMU;"76012676";"4";CL;ACC;;"1";NA;"0197";285087.00;$$;141.00;"3";0;NA;40197;$$;CL;0.005;0.002;0.623
"8537";BICE LATAM;2023-04-30;SONDA;"83628100";"4";CL;ACC;;"1";N-2;"0138";88060.00;$$;407.83;"3";0;NA;35914;$$;CL;0.010;0.003;0.557
"8537";BICE LATAM;2023-04-30;SQM-B;"93007000";"9";CL;ACC;;"1";N-3;"0024";1451.00;$$;54650.00;"3";0;NA;79297;$$;CL;0.001;0.001;1.230
"8684";SELECCION LATAM;2023-04-30;SQM-B;"93007000";"9";CL;ACC;;"1";N-3;"0024";1188.00;CA;54650.00;"3";0;NA;64924;$$;CL;0.000;0.001;2.584
"8705";LATINOAMERICANO;2023-04-30;CFMLVBR-LV;"9748";"9";CL;CFM;;"1";NA;"0000";248325.00;PROM;8.36;"3";0;NA;2076;PROM;CL;13.160;0.000;9.545
"8795";INDEX FUND LATAM;2023-04-30;BSANTANDER;"97036000";K;CL;ACC;;"1";N-1;"0014";4047301.00;$$;0.05;"3";0;NA;202;$$;CL;0.004;0.000;0.666
"8795";INDEX FUND LATAM;2023-04-30;CENCOSUD;"93834000";"5";CL;ACC;;"1";N-1;"0199";87678.00;$$;2.04;"3";0;NA;179;$$;CL;0.006;0.001;0.590
"8795";INDEX FUND LATAM;2023-04-30;CFISEIFBS;"7131";"5";CL;CFI;;"1";NA;"0000";85323.59;$$;31.98;"3";0;NA;2729;$$;CL;14.339;14.339;8.997
"8795";INDEX FUND LATAM;2023-04-30;CFMSECQFBS;"10000";"5";CL;CFM;;"1";NA;"0000";130627.96;PROM;107.04;"3";0;NA;13982;PROM;CL;93.972;94.149;46.093
"8795";INDEX FUND LATAM;2023-04-30;CHILE;"97004000";"5";CL;ACC;;"1";N-1;"0003";2832158.00;$$;0.11;"3";0;NA;312;$$;CL;0.005;0.000;1.029
"8795";INDEX FUND LATAM;2023-04-30;CMPC;"90222000";"3";CL;ACC;;"1";N-1;"0002";71686.00;$$;1.56;"3";0;NA;112;$$;CL;0.008;0.001;0.369
"8795";INDEX FUND LATAM;2023-04-30;COPEC;"90690000";"9";CL;ACC;;"1";N-1;"0001";22004.00;$$;7.04;"3";0;NA;155;$$;CL;0.023;0.001;0.511
"8795";INDEX FUND LATAM;2023-04-30;ENELAM;"94271000";"3";CL;ACC;;"1";N-2;"0015";1258248.00;$$;0.14;"3";0;NA;176;$$;CL;0.001;0.000;0.580
"8795";INDEX FUND LATAM;2023-04-30;FALABELLA;"90749000";"9";CL;ACC;;"1";N-1;"0073";47401.00;$$;2.15;"3";0;NA;102;$$;CL;0.009;0.000;0.336
"8795";INDEX FUND LATAM;2023-04-30;SQM-B;"93007000";"9";CL;ACC;;"1";N-3;"0024";9307.00;$$;65.86;"3";0;NA;613;$$;CL;0.040;0.006;2.021
"8811";LATAM ACCIONARIO;2023-04-30;CFIBCHLBCH;"7195";"1";CL;CFI;;"1";NA;"0000";26939784.71;$$;1039.57;"3";0;NA;28005792;$$;CL;98.074;91.195;88.716
"8811";LATAM ACCIONARIO;2023-04-30;CFIBEQTRBH;"9933";"3";CL;CFI;;"1";NA;"0000";2083878.50;$$;497.58;"3";0;NA;1036896;$$;CL;65.714;66.307;3.285
"8098";LATAM EQUITY;2023-05-31;BSANTANDER;"97036000";K;CL;ACC;;"1";N-1;"0014";2977200.00;$$;35.20;"3";0;NA;104797;$$;CL;0.002;0.000;0.437
"8098";LATAM EQUITY;2023-05-31;CENCOSUD;"93834000";"5";CL;ACC;;"1";N-1;"0199";83300.00;$$;1530.00;"3";0;NA;127449;$$;CL;0.003;0.005;0.531
"8098";LATAM EQUITY;2023-05-31;CHILE;"97004000";"5";CL;ACC;;"1";N-1;"0003";2064000.00;$$;81.90;"3";0;NA;169042;$$;CL;0.002;0.000;0.705
"8098";LATAM EQUITY;2023-05-31;CMPC;"90222000";"3";CL;ACC;;"1";N-1;"0002";43164.00;$$;1385.00;"3";0;NA;59782;$$;CL;0.002;0.001;0.249
"8098";LATAM EQUITY;2023-05-31;COPEC;"90690000";"9";CL;ACC;;"1";N-1;"0001";14907.00;$$;5850.00;"3";0;NA;87206;$$;CL;0.001;0.001;0.364
"8098";LATAM EQUITY;2023-05-31;ECL;"88006900";"4";CL;ACC;;"1";N-2;"0085";39100.00;$$;695.00;"3";0;NA;27175;$$;CL;0.004;0.001;0.113
"8098";LATAM EQUITY;2023-05-31;PARAUCO;"94627000";"8";CL;ACC;;"1";N-1;"0156";236978.00;$$;1140.00;"3";0;NA;270155;$$;CL;0.026;0.016;1.126
"8098";LATAM EQUITY;2023-05-31;SMU;"76012676";"4";CL;ACC;;"1";NA;"0197";18700.00;$$;137.00;"3";0;NA;2562;$$;CL;0.000;0.000;0.011
"8098";LATAM EQUITY;2023-05-31;SQM-B;"93007000";"9";CL;ACC;;"1";N-3;"0024";7500.00;$$;52200.00;"3";0;NA;391500;$$;CL;0.003;0.016;1.632
"8160";LATINOAMÉRICA;2023-05-31;BNPDBC070623;"97029000";"1";CL;PDBC;2023-07-06;"1";NA;"0000";140000000.00;$$;0.90;"1";30;NL;139706;$$;CL;0.000;0.001;1.466
"8160";LATINOAMÉRICA;2023-05-31;BNPDBC010623;"97029000";"1";CL;PDBC;2023-01-06;"1";NA;"0000";60000000.00;$$;0.88;"1";30;NL;59982;$$;CL;0.000;0.000;0.629
"8206";ACC. LATINOAMERICANA;2023-05-31;CFIBPBIM-E;"9368";"8";CL;CFI;;"1";N-2;"0000";62787.00;$$;10106.47;"3";0;NA;634555;$$;CL;0.000;0.000;19.010
"8206";ACC. LATINOAMERICANA;2023-05-31;ENELCHILE;"76536353";"5";CL;ACC;;"1";N-2;"0015";821538.00;CA;44.50;"3";0;NA;36558;$$;CL;0.012;0.000;1.095
"8206";ACC. LATINOAMERICANA;2023-05-31;SQM-B;"93007000";"9";CL;ACC;;"1";N-3;"0024";729.00;CA;52200.00;"3";0;NA;38054;$$;CL;0.003;0.000;1.140
"8247";ACCIONES LATAM;2023-05-31;CFMEURC18D;"8381";K;CL;CFM;;"1";NA;"0000";803.59;CU;943.81;"3";0;NC;758;$$;CL;0.002;758.000;0.008
"8247";ACCIONES LATAM;2023-05-31;CFMEURCHCE;"8381";K;CL;CFM;;"1";NA;"0000";16083.48;CU;802.09;"3";0;NC;12900;$$;CL;0.042;129.000;0.133
"8247";ACCIONES LATAM;2023-05-31;CFMEURESGE;"9625";"3";CL;CFM;;"1";NA;"0000";3041.88;CU;622835.60;"3";0;NC;1894591;$$;CL;0.011;0.011;19.589
"8247";ACCIONES LATAM;2023-05-31;CFMEURSCLE;"8948";"6";CL;CFM;;"1";NA;"0000";2949.80;CU;657609.19;"3";0;NC;1939816;$$;CL;7.344;193.816;20.057
"8247";ACCIONES LATAM;2023-05-31;CFMZCHACCR;"8381";K;CL;CFM;;"1";NA;"0000";2816.87;CU;987.37;"3";0;NC;2781;$$;CL;0.009;278.000;0.029
"8247";ACCIONES LATAM;2023-05-31;CFMZCHCHIW;"8381";K;CL;CFM;;"1";NA;"0000";1.12;CU;1097.59;"3";0;NC;1;$$;CL;0.000;10.000;0.000
"8247";ACCIONES LATAM;2023-05-31;CFMZCHDLCW;"8918";"4";CL;CFM;;"1";NA;"0000";1.12;CU;1191.80;"3";0;NC;1;$$;CL;10.000;10.000;0.000
"8482";LATAM;2023-05-31;AGUAS-A;"61808000";"5";CL;ACC;;"1";N-1;"0085";264554.00;$$;264.00;"3";0;NA;69842;$$;CL;0.004;0.000;5.868
"8482";LATAM;2023-05-31;CENCOSUD;"93834000";"5";CL;ACC;;"1";N-1;"0199";22353.00;$$;1530.00;"3";0;NA;34200;$$;CL;0.001;0.000;2.873
"8482";LATAM;2023-05-31;COLBUN;"96505760";"9";CL;ACC;;"1";N-1;"0002";375100.00;$$;118.01;"3";0;NA;44266;$$;CL;0.002;0.003;3.719
"8482";LATAM;2023-05-31;ENELCHILE;"76536353";"5";CL;ACC;;"1";N-2;"0015";793657.00;$$;44.50;"3";0;NA;35318;$$;CL;0.001;0.000;2.967
"8482";LATAM;2023-05-31;SQM-B;"93007000";"9";CL;ACC;;"1";N-3;"0024";690.00;$$;52200.00;"3";0;NA;36018;$$;CL;0.000;0.000;3.026
"8482";LATAM;2023-05-31;VAPORES;"90160000";"7";CL;ACC;;"1";N-3;"0003";581466.00;$$;59.56;"3";0;NA;34632;$$;CL;0.001;0.003;2.910
"8537";BICE LATAM;2023-05-31;AGUAS-A;"61808000";"5";CL;ACC;;"1";N-1;"0085";94300.00;$$;264.00;"3";0;NA;24895;$$;CL;0.002;0.001;0.390
"8537";BICE LATAM;2023-05-31;ANDINA-B;"91144000";"8";CL;ACC;;"1";N-2;"0000";9616.00;$$;2070.00;"3";0;NA;19905;$$;CL;0.002;0.001;0.312
"8537";BICE LATAM;2023-05-31;CCU;"90413000";"1";CL;ACC;;"1";N-1;"0003";4572.00;$$;5950.00;"3";0;NA;27203;$$;CL;0.001;0.001;0.427
"8537";BICE LATAM;2023-05-31;CENCOSUD;"93834000";"5";CL;ACC;;"1";N-1;"0199";28997.00;$$;1530.00;"3";0;NA;44365;$$;CL;0.001;0.000;0.696
"8537";BICE LATAM;2023-05-31;CHILE;"97004000";"5";CL;ACC;;"1";N-1;"0003";956698.00;$$;81.90;"3";0;NA;78354;$$;CL;0.001;0.000;1.229
"8537";BICE LATAM;2023-05-31;COLBUN;"96505760";"9";CL;ACC;;"1";N-1;"0002";230132.00;$$;118.01;"3";0;NA;27158;$$;CL;0.001;0.000;0.426
"8537";BICE LATAM;2023-05-31;COPEC;"90690000";"9";CL;ACC;;"1";N-1;"0001";5469.00;$$;5850.00;"3";0;NA;31994;$$;CL;0.000;0.000;0.502
"8537";BICE LATAM;2023-05-31;ENTEL;"92580000";"7";CL;ACC;;"1";N-1;"0027";7941.00;$$;3040.00;"3";0;NA;24141;$$;CL;0.003;0.000;0.379
"8537";BICE LATAM;2023-05-31;FALABELLA;"90749000";"9";CL;ACC;;"1";N-1;"0073";21598.00;$$;1785.00;"3";0;NA;38552;$$;CL;0.001;0.000;0.605
"8537";BICE LATAM;2023-05-31;NORTEGRAN;"96529340";K;CL;ACC;;"1";NA;"0024";3830841.00;$$;8.10;"3";0;NA;31030;$$;CL;0.005;0.002;0.487
"8537";BICE LATAM;2023-05-31;QUINENCO;"91705000";"7";CL;ACC;;"1";N-2;"0003";15969.00;$$;2900.00;"3";0;NA;46310;$$;CL;0.001;0.000;0.726
"8537";BICE LATAM;2023-05-31;SMU;"76012676";"4";CL;ACC;;"1";NA;"0197";285087.00;$$;137.00;"3";0;NA;39057;$$;CL;0.005;0.002;0.613
"8537";BICE LATAM;2023-05-31;SONDA;"83628100";"4";CL;ACC;;"1";N-2;"0138";88060.00;$$;414.03;"3";0;NA;36459;$$;CL;0.010;0.003;0.572
"8537";BICE LATAM;2023-05-31;SQM-B;"93007000";"9";CL;ACC;;"1";N-3;"0024";2995.00;$$;52200.00;"3";0;NA;156339;$$;CL;0.002;0.002;2.452
"8684";SELECCION LATAM;2023-05-31;CENCOSUD;"93834000";"5";CL;ACC;;"1";N-1;"0199";8588.00;CA;1530.00;"3";0;NA;13140;$$;CL;0.000;0.000;0.498
"8684";SELECCION LATAM;2023-05-31;SQM-B;"93007000";"9";CL;ACC;;"1";N-3;"0024";1133.98;CA;52200.00;"3";0;NA;59194;$$;CL;0.000;0.001;2.245
"8705";LATINOAMERICANO;2023-05-31;CFMLVBR-LV;"9748";"9";CL;CFM;;"1";NA;"0000";214066.00;PROM;8.46;"3";0;NA;1811;PROM;CL;11.336;0.000;7.893
"8795";INDEX FUND LATAM;2023-05-31;CENCOSUD;"93834000";"5";CL;ACC;;"1";N-1;"0199";87678.00;$$;1.89;"3";0;NA;166;$$;CL;0.006;0.001;0.565
"8795";INDEX FUND LATAM;2023-05-31;CFISEIFBS;"7131";"5";CL;CFI;;"1";NA;"0000";85323.59;$$;35.04;"3";0;NA;2990;$$;CL;15.710;15.710;10.185
"8795";INDEX FUND LATAM;2023-05-31;CFMSECQFBS;"10000";"5";CL;CFM;;"1";NA;"0000";134420.77;PROM;108.27;"3";0;NA;14554;PROM;CL;91.466;91.460;49.576
"8795";INDEX FUND LATAM;2023-05-31;CHILE;"97004000";"5";CL;ACC;;"1";N-1;"0003";2832158.00;$$;0.10;"3";0;NA;283;$$;CL;0.005;0.000;0.964
"8795";INDEX FUND LATAM;2023-05-31;CMPC;"90222000";"3";CL;ACC;;"1";N-1;"0002";71686.00;$$;1.72;"3";0;NA;123;$$;CL;0.008;0.001;0.419
"8795";INDEX FUND LATAM;2023-05-31;COPEC;"90690000";"9";CL;ACC;;"1";N-1;"0001";22004.00;$$;7.23;"3";0;NA;159;$$;CL;0.023;0.001;0.542
"8795";INDEX FUND LATAM;2023-05-31;ENELAM;"94271000";"3";CL;ACC;;"1";N-2;"0015";1258248.00;$$;0.13;"3";0;NA;164;$$;CL;0.001;0.000;0.559
"8795";INDEX FUND LATAM;2023-05-31;FALABELLA;"90749000";"9";CL;ACC;;"1";N-1;"0073";47401.00;$$;2.19;"3";0;NA;104;$$;CL;0.009;0.000;0.354
"8795";INDEX FUND LATAM;2023-05-31;BSANTANDER;"97036000";K;CL;ACC;;"1";N-1;"0014";4047301.00;$$;0.04;"3";0;NA;162;$$;CL;0.004;0.000;0.552
"8795";INDEX FUND LATAM;2023-05-31;SQM-B;"93007000";"9";CL;ACC;;"1";N-3;"0024";9307.00;$$;65.65;"3";0;NA;611;$$;CL;0.038;0.006;2.081
"8811";LATAM ACCIONARIO;2023-05-31;CFIBCHLBCH;"7195";"1";CL;CFI;;"1";NA;"0000";33713678.56;$$;910.25;"3";0;NA;30687876;$$;CL;98.468;84.749;89.980
"8098";LATAM EQUITY;2023-06-30;BSANTANDER;"97036000";K;CL;ACC;;"1";N-1;"0014";2977200.00;$$;37.94;"3";0;NA;112955;$$;CL;0.002;0.000;0.432
"8098";LATAM EQUITY;2023-06-30;CENCOSHOPP;"76433310";"1";CL;ACC;;"1";NA;"0199";95000.00;$$;1444.00;"3";0;NA;137180;$$;CL;0.006;0.005;0.524
"8098";LATAM EQUITY;2023-06-30;CENCOSUD;"93834000";"5";CL;ACC;;"1";N-1;"0199";83300.00;$$;1553.90;"3";0;NA;129440;$$;CL;0.003;0.001;0.494
"8098";LATAM EQUITY;2023-06-30;CHILE;"97004000";"5";CL;ACC;;"1";N-1;"0003";2064000.00;$$;83.69;"3";0;NA;172736;$$;CL;0.002;0.000;0.660
"8098";LATAM EQUITY;2023-06-30;CMPC;"90222000";"3";CL;ACC;;"1";N-1;"0002";43164.00;$$;1534.00;"3";0;NA;66214;$$;CL;0.002;0.001;0.253
"8098";LATAM EQUITY;2023-06-30;COPEC;"90690000";"9";CL;ACC;;"1";N-1;"0001";14907.00;$$;5950.00;"3";0;NA;88697;$$;CL;0.001;0.001;0.339
"8098";LATAM EQUITY;2023-06-30;ECL;"88006900";"4";CL;ACC;;"1";N-2;"0085";39100.00;$$;768.21;"3";0;NA;30037;$$;CL;0.004;0.001;0.115
"8098";LATAM EQUITY;2023-06-30;PARAUCO;"94627000";"8";CL;ACC;;"1";N-1;"0156";236978.00;$$;1289.00;"3";0;NA;305465;$$;CL;0.026;0.018;1.167
"8098";LATAM EQUITY;2023-06-30;SMU;"76012676";"4";CL;ACC;;"1";NA;"0197";18700.00;$$;141.00;"3";0;NA;2637;$$;CL;0.000;0.000;0.010
"8098";LATAM EQUITY;2023-06-30;SQM-B;"93007000";"9";CL;ACC;;"1";N-3;"0024";7500.00;$$;58399.00;"3";0;NA;437993;$$;CL;0.003;0.018;1.673
"8160";LATINOAMÉRICA;2023-06-30;BNPDBC040723;"97029000";"1";CL;PDBC;2023-04-07;"1";NA;"0000";35000000.00;$$;0.93;"1";30;NL;34957;$$;CL;0.000;0.000;0.341
"8160";LATINOAMÉRICA;2023-06-30;BNPDBC040723;"97029000";"1";CL;PDBC;2023-04-07;"1";NA;"0000";190000000.00;$$;0.93;"1";30;NL;189766;$$;CL;0.000;0.001;1.853
"8160";LATINOAMÉRICA;2023-06-30;BNPDBC060723;"97029000";"1";CL;PDBC;2023-06-07;"1";NA;"0000";10000000.00;$$;0.91;"1";30;NL;9982;$$;CL;0.000;0.000;0.097
"8160";LATINOAMÉRICA;2023-06-30;BNPDBC040723;"97029000";"1";CL;PDBC;2023-04-07;"1";NA;"0000";10000000.00;$$;0.93;"1";30;NL;9988;$$;CL;0.000;0.000;0.098
"8160";LATINOAMÉRICA;2023-06-30;BNPDBC170723;"97029000";"1";CL;PDBC;2024-05-07;"1";NA;"0000";10000000.00;$$;0.93;"1";30;NL;9948;$$;CL;0.000;0.000;0.097
"8160";LATINOAMÉRICA;2023-06-30;BNPDBC250723;"97029000";"1";CL;PDBC;2025-01-07;"1";NA;"0000";100000000.00;$$;0.92;"1";30;NL;99240;$$;CL;0.000;0.001;0.969
"8206";ACC. LATINOAMERICANA;2023-06-30;CFIBPBIM-E;"9368";"8";CL;CFI;;"1";N-2;"0000";62787.00;$$;11522.35;"3";0;NA;723454;$$;CL;0.000;0.000;19.399
"8206";ACC. LATINOAMERICANA;2023-06-30;ENELCHILE;"76536353";"5";CL;ACC;;"1";N-2;"0015";821538.00;CA;52.10;"3";0;NA;42802;$$;CL;0.012;0.000;1.148
"8206";ACC. LATINOAMERICANA;2023-06-30;SQM-B;"93007000";"9";CL;ACC;;"1";N-3;"0024";729.00;CA;58399.00;"3";0;NA;42573;$$;CL;0.003;0.000;1.142
"8247";ACCIONES LATAM;2023-06-30;CFMEURC18D;"8381";K;CL;CFM;;"1";NA;"0000";770.14;CU;966.10;"3";0;NC;744;$$;CL;0.002;744.000;0.008
"8247";ACCIONES LATAM;2023-06-30;CFMEURCHCE;"8381";K;CL;CFM;;"1";NA;"0000";16086.57;CU;821.15;"3";0;NC;13209;$$;CL;0.043;132.900;0.134
"8247";ACCIONES LATAM;2023-06-30;CFMEURESGE;"9625";"3";CL;CFM;;"1";NA;"0000";2898.09;CU;641168.95;"3";0;NC;1858165;$$;CL;0.010;0.011;18.786
"8247";ACCIONES LATAM;2023-06-30;CFMEURSCLE;"8948";"6";CL;CFM;;"1";NA;"0000";2773.84;CU;676775.72;"3";0;NC;1877268;$$;CL;7.107;187.268;18.979
"8247";ACCIONES LATAM;2023-06-30;CFMZCHACCR;"8381";K;CL;CFM;;"1";NA;"0000";1207.83;CU;1010.83;"3";0;NC;1221;$$;CL;0.004;122.000;0.012
"8247";ACCIONES LATAM;2023-06-30;CFMZCHCHIW;"8381";K;CL;CFM;;"1";NA;"0000";1.12;CU;1121.05;"3";0;NC;1;$$;CL;0.000;10.000;0.000
"8247";ACCIONES LATAM;2023-06-30;CFMZCHDLCW;"8918";"4";CL;CFM;;"1";NA;"0000";1.12;CU;1227.68;"3";0;NC;1;$$;CL;10.000;10.000;0.000
"8482";LATAM;2023-06-30;AGUAS-A;"61808000";"5";CL;ACC;;"1";N-1;"0085";264554.00;$$;278.01;"3";0;NA;73549;$$;CL;0.004;0.000;5.838
"8482";LATAM;2023-06-30;COLBUN;"96505760";"9";CL;ACC;;"1";N-1;"0002";375100.00;$$;127.00;"3";0;NA;47638;$$;CL;0.002;0.003;3.782
"8482";LATAM;2023-06-30;ENELCHILE;"76536353";"5";CL;ACC;;"1";N-2;"0015";793657.00;$$;52.10;"3";0;NA;41350;$$;CL;0.001;0.000;3.283
"8482";LATAM;2023-06-30;SQM-B;"93007000";"9";CL;ACC;;"1";N-3;"0024";690.00;$$;58399.00;"3";0;NA;40295;$$;CL;0.000;0.000;3.199
"8482";LATAM;2023-06-30;VAPORES;"90160000";"7";CL;ACC;;"1";N-3;"0003";581466.00;$$;54.45;"3";0;NA;31661;$$;CL;0.001;0.002;2.513
"8537";BICE LATAM;2023-06-30;AGUAS-A;"61808000";"5";CL;ACC;;"1";N-1;"0085";94300.00;$$;278.00;"3";0;NA;26215;$$;CL;0.002;0.001;0.368
"8537";BICE LATAM;2023-06-30;ANDINA-B;"91144000";"8";CL;ACC;;"1";N-2;"0000";9616.00;$$;2101.00;"3";0;NA;20203;$$;CL;0.002;0.001;0.283
"8537";BICE LATAM;2023-06-30;CCU;"90413000";"1";CL;ACC;;"1";N-1;"0003";8472.00;$$;6465.00;"3";0;NA;54771;$$;CL;0.002;0.001;0.768
"8537";BICE LATAM;2023-06-30;CENCOSHOPP;"76433310";"1";CL;ACC;;"1";NA;"0199";11591.00;$$;1444.00;"3";0;NA;16737;$$;CL;0.001;0.000;0.235
"8537";BICE LATAM;2023-06-30;CENCOSUD;"93834000";"5";CL;ACC;;"1";N-1;"0199";28997.00;$$;1553.90;"3";0;NA;45058;$$;CL;0.001;0.000;0.632
"8537";BICE LATAM;2023-06-30;CHILE;"97004000";"5";CL;ACC;;"1";N-1;"0003";956698.00;$$;83.69;"3";0;NA;80066;$$;CL;0.001;0.000;1.123
"8537";BICE LATAM;2023-06-30;CMPC;"90222000";"3";CL;ACC;;"1";N-1;"0002";27916.00;$$;1534.00;"3";0;NA;42823;$$;CL;0.001;0.000;0.601
"8537";BICE LATAM;2023-06-30;COLBUN;"96505760";"9";CL;ACC;;"1";N-1;"0002";230132.00;$$;127.00;"3";0;NA;29227;$$;CL;0.001;0.000;0.410
"8537";BICE LATAM;2023-06-30;COPEC;"90690000";"9";CL;ACC;;"1";N-1;"0001";2892.00;$$;5950.00;"3";0;NA;17207;$$;CL;0.000;0.000;0.241
"8537";BICE LATAM;2023-06-30;ECL;"88006900";"4";CL;ACC;;"1";N-2;"0085";25504.00;$$;768.21;"3";0;NA;19592;$$;CL;0.002;0.000;0.275
"8537";BICE LATAM;2023-06-30;ENTEL;"92580000";"7";CL;ACC;;"1";N-1;"0027";7941.00;$$;3225.20;"3";0;NA;25611;$$;CL;0.003;0.000;0.359
"8537";BICE LATAM;2023-06-30;FALABELLA;"90749000";"9";CL;ACC;;"1";N-1;"0073";21598.00;$$;1925.00;"3";0;NA;41576;$$;CL;0.001;0.000;0.583
"8537";BICE LATAM;2023-06-30;NORTEGRAN;"96529340";K;CL;ACC;;"1";NA;"0024";3830841.00;$$;8.50;"3";0;NA;32562;$$;CL;0.005;0.002;0.457
"8537";BICE LATAM;2023-06-30;SMU;"76012676";"4";CL;ACC;;"1";NA;"0197";201446.00;$$;141.00;"3";0;NA;28404;$$;CL;0.003;0.001;0.398
"8537";BICE LATAM;2023-06-30;SONDA;"83628100";"4";CL;ACC;;"1";N-2;"0138";38365.00;$$;389.85;"3";0;NA;14957;$$;CL;0.004;0.001;0.210
"8537";BICE LATAM;2023-06-30;SQM-B;"93007000";"9";CL;ACC;;"1";N-3;"0024";2995.00;$$;58399.00;"3";0;NA;174905;$$;CL;0.002;0.002;2.453
"8684";SELECCION LATAM;2023-06-30;CENCOSUD;"93834000";"5";CL;ACC;;"1";N-1;"0199";8588.00;CA;1553.90;"3";0;NA;13345;$$;CL;0.000;0.000;0.441
"8684";SELECCION LATAM;2023-06-30;CFMSURSCCS;"8685";"1";CL;CFM;;"1";NA;"0000";30512.13;CU;937.23;"3";0;RC;28597;$$;CL;0.000;0.000;0.946
"8684";SELECCION LATAM;2023-06-30;SQM-B;"93007000";"9";CL;ACC;;"1";N-3;"0024";1134.00;CA;58399.00;"3";0;NA;66224;$$;CL;0.000;0.001;2.190
"8705";LATINOAMERICANO;2023-06-30;CFMLVBR-LV;"9748";"9";CL;CFM;;"1";NA;"0000";220703.89;PROM;9.77;"3";0;NA;2156;PROM;CL;11.692;0.000;7.888
"8795";INDEX FUND LATAM;2023-06-30;BSANTANDER;"97036000";K;CL;ACC;;"1";N-1;"0014";3862768.00;$$;0.05;"3";0;NA;193;$$;CL;0.004;0.000;0.614
"8795";INDEX FUND LATAM;2023-06-30;CENCOSUD;"93834000";"5";CL;ACC;;"1";N-1;"0199";83680.00;$$;1.94;"3";0;NA;162;$$;CL;0.005;0.001;0.515
"8795";INDEX FUND LATAM;2023-06-30;CFMSECQFBS;"10000";"5";CL;CFM;;"1";NA;"0000";152927.95;PROM;124.78;"3";0;NA;19082;PROM;CL;76.492;74.265;60.659
"8795";INDEX FUND LATAM;2023-06-30;CHILE;"97004000";"5";CL;ACC;;"1";N-1;"0003";2703028.00;$$;0.10;"3";0;NA;270;$$;CL;0.005;0.000;0.858
"8795";INDEX FUND LATAM;2023-06-30;CMPC;"90222000";"3";CL;ACC;;"1";N-1;"0002";68418.00;$$;1.90;"3";0;NA;130;$$;CL;0.009;0.001;0.413
"8795";INDEX FUND LATAM;2023-06-30;COPEC;"90690000";"9";CL;ACC;;"1";N-1;"0001";21001.00;$$;7.43;"3";0;NA;156;$$;CL;0.023;0.001;0.496
"8795";INDEX FUND LATAM;2023-06-30;ENELAM;"94271000";"3";CL;ACC;;"1";N-2;"0015";1200880.00;$$;0.13;"3";0;NA;156;$$;CL;0.001;0.000;0.496
"8795";INDEX FUND LATAM;2023-06-30;FALABELLA;"90749000";"9";CL;ACC;;"1";N-1;"0073";45240.00;$$;2.39;"3";0;NA;108;$$;CL;0.010;0.000;0.343
"8795";INDEX FUND LATAM;2023-06-30;SQM-B;"93007000";"9";CL;ACC;;"1";N-3;"0024";8883.00;$$;73.74;"3";0;NA;655;$$;CL;0.041;0.006;2.082
"8811";LATAM ACCIONARIO;2023-06-30;CFIBCHLBCH;"7195";"1";CL;CFI;;"1";NA;"0000";35043465.13;$$;982.20;"3";0;NA;34419691;$$;CL;98.539;92.955;99.522
"8098";LATAM EQUITY;2023-07-31;CENCOSHOPP;"76433310";"1";CL;ACC;;"1";NA;"0199";95000.00;$$;1530.00;"3";0;NA;145350;$$;CL;0.006;0.005;0.479
"8098";LATAM EQUITY;2023-07-31;CENCOSUD;"93834000";"5";CL;ACC;;"1";N-1;"0199";83300.00;$$;1803.00;"3";0;NA;150190;$$;CL;0.003;0.001;0.495
"8098";LATAM EQUITY;2023-07-31;CHILE;"97004000";"5";CL;ACC;;"1";N-1;"0003";2064000.00;$$;93.40;"3";0;NA;192778;$$;CL;0.002;0.000;0.635
"8098";LATAM EQUITY;2023-07-31;CMPC;"90222000";"3";CL;ACC;;"1";N-1;"0002";43164.00;$$;1656.00;"3";0;NA;71480;$$;CL;0.002;0.001;0.236
"8098";LATAM EQUITY;2023-07-31;COPEC;"90690000";"9";CL;ACC;;"1";N-1;"0001";14907.00;$$;6435.00;"3";0;NA;95927;$$;CL;0.001;0.001;0.316
"8098";LATAM EQUITY;2023-07-31;ECL;"88006900";"4";CL;ACC;;"1";N-2;"0085";39100.00;$$;859.00;"3";0;NA;33587;$$;CL;0.004;0.001;0.111
"8098";LATAM EQUITY;2023-07-31;PARAUCO;"94627000";"8";CL;ACC;;"1";N-1;"0156";236978.00;$$;1345.00;"3";0;NA;318735;$$;CL;0.026;0.019;1.050
"8098";LATAM EQUITY;2023-07-31;SMU;"76012676";"4";CL;ACC;;"1";NA;"0197";18700.00;$$;158.50;"3";0;NA;2964;$$;CL;0.000;0.000;0.010
"8098";LATAM EQUITY;2023-07-31;SQM-B;"93007000";"9";CL;ACC;;"1";N-3;"0024";7500.00;$$;61515.00;"3";0;NA;461363;$$;CL;0.003;0.019;1.520
"8098";LATAM EQUITY;2023-07-31;BSANTANDER;"97036000";K;CL;ACC;;"1";N-1;"0014";2977200.00;$$;44.79;"3";0;NA;133349;$$;CL;0.002;0.000;0.439
"8160";LATINOAMÉRICA;2023-07-31;BNPDBC030823;"97029000";"1";CL;PDBC;2023-03-08;"1";NA;"0000";150000000.00;$$;0.82;"1";30;NL;149877;$$;CL;0.000;0.001;1.329
"8160";LATINOAMÉRICA;2023-07-31;BNPDBC010823;"97029000";"1";CL;PDBC;2023-01-08;"1";NA;"0000";195000000.00;$$;0.82;"1";30;NL;194947;$$;CL;0.000;0.001;1.729
"8206";ACC. LATINOAMERICANA;2023-07-31;ENELCHILE;"76536353";"5";CL;ACC;;"1";N-2;"0015";821538.00;CA;57.89;"3";0;NA;47559;$$;CL;0.012;0.000;1.166
"8206";ACC. LATINOAMERICANA;2023-07-31;SQM-B;"93007000";"9";CL;ACC;;"1";N-3;"0024";729.00;CA;61515.00;"3";0;NA;44844;$$;CL;0.003;0.000;1.099
"8206";ACC. LATINOAMERICANA;2023-07-31;CFIBPBIM-E;"9368";"8";CL;CFI;;"1";N-2;"0000";62787.00;$$;12630.15;"3";0;NA;793009;$$;CL;0.000;0.000;19.440
"8247";ACCIONES LATAM;2023-07-31;CFMEURC18D;"8381";K;CL;CFM;;"1";NA;"0000";771.32;CU;1066.89;"3";0;NC;823;$$;CL;0.003;823.000;0.007
"8247";ACCIONES LATAM;2023-07-31;CFMEURCHCE;"8381";K;CL;CFM;;"1";NA;"0000";16111.16;CU;906.95;"3";0;NC;14612;$$;CL;0.047;146.200;0.123
"8247";ACCIONES LATAM;2023-07-31;CFMEURESGE;"9625";"3";CL;CFM;;"1";NA;"0000";3012.78;CU;716161.87;"3";0;NC;2157638;$$;CL;0.012;0.013;18.158
"8247";ACCIONES LATAM;2023-07-31;CFMEURSCLE;"8948";"6";CL;CFM;;"1";NA;"0000";2867.57;CU;751591.32;"3";0;NC;2155241;$$;CL;8.160;215.241;18.137
"8247";ACCIONES LATAM;2023-07-31;CFMZCHACCR;"8381";K;CL;CFM;;"1";NA;"0000";3917.62;CU;1116.44;"3";0;NC;4374;$$;CL;0.014;437.000;0.037
"8247";ACCIONES LATAM;2023-07-31;CFMZCHCHIW;"8381";K;CL;CFM;;"1";NA;"0000";1.12;CU;1235.27;"3";0;NC;1;$$;CL;0.000;10.000;0.000
"8247";ACCIONES LATAM;2023-07-31;CFMZCHDLCW;"8918";"4";CL;CFM;;"1";NA;"0000";1.12;CU;1350.42;"3";0;NC;2;$$;CL;20.000;20.000;0.000
"8482";LATAM;2023-07-31;AGUAS-A;"61808000";"5";CL;ACC;;"1";N-1;"0085";264554.00;$$;294.00;"3";0;NA;77779;$$;CL;0.004;0.000;5.346
"8482";LATAM;2023-07-31;COLBUN;"96505760";"9";CL;ACC;;"1";N-1;"0002";375100.00;$$;132.45;"3";0;NA;49682;$$;CL;0.002;0.003;3.415
"8482";LATAM;2023-07-31;ENELCHILE;"76536353";"5";CL;ACC;;"1";N-2;"0015";793657.00;$$;57.89;"3";0;NA;45945;$$;CL;0.001;0.000;3.158
"8482";LATAM;2023-07-31;SQM-B;"93007000";"9";CL;ACC;;"1";N-3;"0024";690.00;$$;61515.00;"3";0;NA;42445;$$;CL;0.000;0.000;2.917
"8482";LATAM;2023-07-31;VAPORES;"90160000";"7";CL;ACC;;"1";N-2;"0003";581466.00;$$;63.50;"3";0;NA;36923;$$;CL;0.001;0.003;2.538
"8537";BICE LATAM;2023-07-31;AGUAS-A;"61808000";"5";CL;ACC;;"1";N-1;"0085";94300.00;$$;294.00;"3";0;NA;27724;$$;CL;0.002;0.001;0.365
"8537";BICE LATAM;2023-07-31;ANDINA-B;"91144000";"8";CL;ACC;;"1";N-2;"0000";9616.00;$$;2305.20;"3";0;NA;22167;$$;CL;0.002;0.001;0.292
"8537";BICE LATAM;2023-07-31;CCU;"90413000";"1";CL;ACC;;"1";N-1;"0003";8472.00;$$;6956.00;"3";0;NA;58931;$$;CL;0.002;0.002;0.776
"8537";BICE LATAM;2023-07-31;CENCOSHOPP;"76433310";"1";CL;ACC;;"1";NA;"0199";11591.00;$$;1530.00;"3";0;NA;17734;$$;CL;0.001;0.000;0.234
"8537";BICE LATAM;2023-07-31;CENCOSUD;"93834000";"5";CL;ACC;;"1";N-1;"0199";28997.00;$$;1803.00;"3";0;NA;52282;$$;CL;0.001;0.000;0.689
"8537";BICE LATAM;2023-07-31;CHILE;"97004000";"5";CL;ACC;;"1";N-1;"0003";956698.00;$$;93.40;"3";0;NA;89356;$$;CL;0.001;0.000;1.177
"8537";BICE LATAM;2023-07-31;CMPC;"90222000";"3";CL;ACC;;"1";N-1;"0002";18195.00;$$;1656.00;"3";0;NA;30131;$$;CL;0.001;0.000;0.397
"8537";BICE LATAM;2023-07-31;COLBUN;"96505760";"9";CL;ACC;;"1";N-1;"0002";230132.00;$$;132.45;"3";0;NA;30481;$$;CL;0.001;0.001;0.401
"8537";BICE LATAM;2023-07-31;ECL;"88006900";"4";CL;ACC;;"1";N-2;"0085";25504.00;$$;859.00;"3";0;NA;21908;$$;CL;0.002;0.001;0.289
"8537";BICE LATAM;2023-07-31;ENTEL;"92580000";"7";CL;ACC;;"1";N-1;"0027";7941.00;$$;3372.00;"3";0;NA;26777;$$;CL;0.003;0.000;0.353
"8537";BICE LATAM;2023-07-31;FALABELLA;"90749000";"9";CL;ACC;;"1";N-1;"0073";21598.00;$$;2320.00;"3";0;NA;50107;$$;CL;0.001;0.000;0.660
"8537";BICE LATAM;2023-07-31;LTM;"89862200";"2";CL;ACC;;"1";N-4;"0000";2631579.00;$$;8.03;"3";0;NA;21132;$$;CL;0.434;0.000;0.278
"8537";BICE LATAM;2023-07-31;NORTEGRAN;"96529340";K;CL;ACC;;"1";NA;"0024";2660841.00;$$;9.09;"3";0;NA;24187;$$;CL;0.003;0.002;0.319
"8537";BICE LATAM;2023-07-31;RIPLEY;"99579730";"5";CL;ACC;;"1";N-2;"0033";123946.00;$$;182.52;"3";0;NA;22623;$$;CL;0.006;0.001;0.298
"8537";BICE LATAM;2023-07-31;SMU;"76012676";"4";CL;ACC;;"1";NA;"0197";201446.00;$$;158.50;"3";0;NA;31929;$$;CL;0.003;0.001;0.420
"8537";BICE LATAM;2023-07-31;SONDA;"83628100";"4";CL;ACC;;"1";N-2;"0138";38365.00;$$;445.81;"3";0;NA;17104;$$;CL;0.004;0.001;0.225
"8537";BICE LATAM;2023-07-31;SQM-B;"93007000";"9";CL;ACC;;"1";N-3;"0024";2501.00;$$;61515.00;"3";0;NA;153849;$$;CL;0.002;0.002;2.026
"8684";SELECCION LATAM;2023-07-31;CENCOSUD;"93834000";"5";CL;ACC;;"1";N-1;"0199";8588.00;CA;1803.00;"3";0;NA;15484;$$;CL;0.000;0.000;0.406
"8684";SELECCION LATAM;2023-07-31;CFMSURSCCS;"8685";"1";CL;CFM;;"1";NA;"0000";99244.29;CU;1033.76;"3";0;RC;102595;$$;CL;0.000;0.000;2.689
"8684";SELECCION LATAM;2023-07-31;COLBUN;"96505760";"9";CL;ACC;;"1";N-1;"0002";40458.00;CA;132.45;"3";0;NA;5359;$$;CL;0.000;0.000;0.140
"8684";SELECCION LATAM;2023-07-31;ECL;"88006900";"4";CL;ACC;;"1";N-2;"0085";4209.00;CA;859.00;"3";0;NA;3616;$$;CL;0.000;0.000;0.095
"8684";SELECCION LATAM;2023-07-31;ENELCHILE;"76536353";"5";CL;ACC;;"1";N-2;"0015";176511.00;CA;57.89;"3";0;NA;10218;$$;CL;0.000;0.000;0.268
"8684";SELECCION LATAM;2023-07-31;SQM-B;"93007000";"9";CL;ACC;;"1";N-3;"0024";1134.00;CA;61515.00;"3";0;NA;69758;$$;CL;0.000;0.001;1.828
"8705";LATINOAMERICANO;2023-07-31;CFMLVBR-LV;"9748";"9";CL;CFM;;"1";NA;"0000";233790.40;PROM;10.21;"3";0;NA;2387;PROM;CL;15.240;0.000;7.326
"8795";INDEX FUND LATAM;2023-07-31;BSANTANDER;"97036000";K;CL;ACC;;"1";N-1;"0014";4238090.00;$$;0.05;"3";0;NA;212;$$;CL;0.005;0.000;0.565
"8795";INDEX FUND LATAM;2023-07-31;CENCOSUD;"93834000";"5";CL;ACC;;"1";N-1;"0199";91811.00;$$;2.15;"3";0;NA;197;$$;CL;0.007;0.001;0.525
"8795";INDEX FUND LATAM;2023-07-31;CFMSECQFBS;"10000";"5";CL;CFM;;"1";NA;"0000";172055.05;PROM;130.95;"3";0;NA;22531;PROM;CL;77.825;73.778;60.097
"8795";INDEX FUND LATAM;2023-07-31;CHILE;"97004000";"5";CL;ACC;;"1";N-1;"0003";2920362.00;$$;0.11;"3";0;NA;321;$$;CL;0.006;0.000;0.856
"8795";INDEX FUND LATAM;2023-07-31;CMPC;"90222000";"3";CL;ACC;;"1";N-1;"0002";75066.00;$$;1.97;"3";0;NA;148;$$;CL;0.010;0.001;0.395
"8795";INDEX FUND LATAM;2023-07-31;COPEC;"90690000";"9";CL;ACC;;"1";N-1;"0001";23041.00;$$;7.64;"3";0;NA;176;$$;CL;0.026;0.001;0.469
"8795";INDEX FUND LATAM;2023-07-31;ENELAM;"94271000";"3";CL;ACC;;"1";N-2;"0015";1317562.00;$$;0.14;"3";0;NA;184;$$;CL;0.001;0.000;0.491
"8795";INDEX FUND LATAM;2023-07-31;FALABELLA;"90749000";"9";CL;ACC;;"1";N-1;"0073";49635.00;$$;2.76;"3";0;NA;137;$$;CL;0.012;0.000;0.365
"8795";INDEX FUND LATAM;2023-07-31;SQM-B;"93007000";"9";CL;ACC;;"1";N-3;"0024";9961.00;$$;74.29;"3";0;NA;740;$$;CL;0.046;0.007;1.974
"8811";LATAM ACCIONARIO;2023-07-31;CFIBCHLBCH;"7195";"1";CL;CFI;;"1";NA;"0000";43294980.91;$$;1100.24;"3";0;NA;47634870;$$;CL;98.814;87.985;98.950
